{"cameraMode":{"drawMode":0,"name":"Shaded","section":"Shading Mode"},"sceneLighting":true,"audioPlay":false,"sceneViewState":{"showFog":true,"showMaterialUpdate":false,"showSkybox":true,"showFlares":true,"showImageEffects":true,"showParticleSystems":true},"in2DMode":false,"pivot":{"x":89.99193572998047,"y":4.1427001953125,"z":-1.1431169509887696},"rotation":{"x":-0.003791328752413392,"y":-0.9316837191581726,"z":0.3631880283355713,"w":-0.00977849867194891},"size":7.721320629119873,"orthographic":false}