{"cameraMode":{"drawMode":0,"name":"Shaded","section":"Shading Mode"},"sceneLighting":false,"audioPlay":false,"sceneViewState":{"showFog":true,"showMaterialUpdate":false,"showSkybox":false,"showFlares":true,"showImageEffects":true,"showParticleSystems":true},"in2DMode":false,"pivot":{"x":27.479999542236329,"y":2.215085983276367,"z":6.160128116607666},"rotation":{"x":0.24801009893417359,"y":0.4046146273612976,"z":-0.11502069979906082,"w":0.8726932406425476},"size":6.349656105041504,"orthographic":false}