{"cameraMode":{"drawMode":0,"name":"Shaded","section":"Shading Mode"},"sceneLighting":false,"audioPlay":false,"sceneViewState":{"showFog":true,"showMaterialUpdate":false,"showSkybox":false,"showFlares":true,"showImageEffects":true,"showParticleSystems":true},"in2DMode":false,"pivot":{"x":-0.06750321388244629,"y":0.591864287853241,"z":0.00039255619049072266},"rotation":{"x":-0.21661117672920228,"y":0.5124146938323975,"z":-0.13538113236427308,"w":-0.8198692202568054},"size":1.0744720697402955,"orthographic":false}