{"cameraMode":{"drawMode":0,"name":"Shaded","section":"Shading Mode"},"sceneLighting":false,"audioPlay":false,"sceneViewState":{"showFog":true,"showMaterialUpdate":false,"showSkybox":false,"showFlares":true,"showImageEffects":true,"showParticleSystems":true},"in2DMode":false,"pivot":{"x":24.441253662109376,"y":10.008672714233399,"z":0.04247079789638519},"rotation":{"x":0.2002253532409668,"y":0.6907600164413452,"z":-0.20869463682174684,"w":0.662736713886261},"size":2.2754154205322267,"orthographic":false}