{"cameraMode":{"drawMode":0,"name":"Shaded","section":"Shading Mode"},"sceneLighting":false,"audioPlay":false,"sceneViewState":{"showFog":true,"showMaterialUpdate":false,"showSkybox":false,"showFlares":true,"showImageEffects":true,"showParticleSystems":true},"in2DMode":false,"pivot":{"x":15.0,"y":3.6837782859802248,"z":-2.477896213531494},"rotation":{"x":-0.15938766300678254,"y":-0.7425195574760437,"z":0.19024373590946198,"w":-0.6222065091133118},"size":3.0209271907806398,"orthographic":false}